Posição,Código INEP,Escola,Estado,Cidade,Dependência administrativa,Localização,Alunos,CH,CN,LC,MT,RD,Média
90,25120298,CENTRO PESSOENSE DE EDUCACAO - COLEGIO MOTIVA,Paraíba,João Pessoa,Privada,Urbana,199,638.88,620.14,606.35,745.68,861.71,694.55
103,25117963,CENTRO CAMPINENSE DE EDUCACAO LTDA COLEGIO MOTIVA,Paraíba,Campina Grande,Privada,Urbana,150,633.57,609.97,603.66,734.53,879.73,692.29
186,25306936,ESCOLA INTERNACIONAL CIDADE VIVA,Paraíba,João Pessoa,Privada,Urbana,24,612.4,610.64,606.84,717.44,862.5,681.96
188,25097539,COLEGIO E CURSO EVOLUCAO,Paraíba,João Pessoa,Privada,Urbana,71,630.14,596.76,605.1,732.48,843.38,681.57
219,25073214,ESC VIRGEM DE LOURDES,Paraíba,Campina Grande,Privada,Urbana,63,629.57,589.78,603.51,713.65,855.87,678.48
262,25129899,ISO COLEGIO E CURSOS,Paraíba,João Pessoa,Privada,Urbana,134,605.37,586.93,581.24,698.86,904.33,675.35
302,25030540,COLEGIO MONTEIRO LOBATO,Paraíba,Itaporanga,Privada,Urbana,14,597.79,570.85,606.09,718.16,867.14,672.01
397,25125494,COLEGIO TOP,Paraíba,João Pessoa,Privada,Urbana,21,593.62,581.56,591,702.58,860.95,665.94
505,25153820,CARL ROGERS - CENTRO DE EDUCACAO,Paraíba,João Pessoa,Privada,Urbana,10,605.32,586.89,592.56,701.1,820,661.17
550,25093061,COLEGIO NOSSA SENHORA DE LOURDES,Paraíba,João Pessoa,Privada,Urbana,23,603.19,591.95,590.43,679.17,827.83,658.51
675,25097326,COLEGIO GEO TAMBAU,Paraíba,João Pessoa,Privada,Urbana,94,599.5,586.85,585.34,699.23,792.55,652.69
742,25093088,COLEGIO MARISTA PIO X,Paraíba,João Pessoa,Privada,Urbana,88,606.72,573.9,586.11,680.46,800.45,649.53
940,25009087,UFCG - ESCOLA TECNICA DE SAUDE DE CAJAZEIRAS,Paraíba,Cajazeiras,Federal,Urbana,45,601.14,562.18,588.86,685.36,774.67,642.44
953,25130676,CENTRO DE ENSINO E EDUCACAO DA BORBOREMA LDTA,Paraíba,Campina Grande,Privada,Urbana,61,601.77,562.24,569.54,662.14,812.79,641.7
1073,25118285,GEO SUL,Paraíba,João Pessoa,Privada,Urbana,119,583.66,561.28,579.8,651.11,811.26,637.42
1095,25016172,COLEGIO MENINO JESUS,Paraíba,Pombal,Privada,Urbana,14,565.31,542.56,568.15,624.84,882.86,636.74
1142,25071106,COLEGIO IMACULADA CONCEICAO,Paraíba,Campina Grande,Privada,Urbana,66,589.86,568.11,574.41,640.72,802.42,635.1
1255,25090631,INSTITUTO MON SERRAT,Paraíba,Sapé,Privada,Urbana,16,573.73,563.14,566.96,639.73,811.25,630.96
1263,25093096,COLEGIO PIO XI,Paraíba,João Pessoa,Privada,Urbana,27,585.25,577,571.77,627.95,791.85,630.76
1314,25129406,CEMES - COMPLEXO EDUCACIONAL MODERNO EL SHADAY,Paraíba,Ingá,Privada,Urbana,13,575.98,549.96,552.32,638.38,830.77,629.48
1320,25129902,LIDIANE BEZERRA DE SOUSA,Paraíba,João Pessoa,Privada,Urbana,68,581.17,555.42,574.87,635.6,799.71,629.35
1449,25117955,COLEGIO MOTIVA LTDA - EPP,Paraíba,Campina Grande,Privada,Urbana,10,594.3,589.27,553.88,615.77,774,625.44
1510,25123459,VIA MEDICINA COLEGIO E CURSO LTDA,Paraíba,João Pessoa,Privada,Urbana,81,582.81,544.69,571.72,629.55,790.37,623.83
1763,25019201,COLEGIO NOSSA SRA AUXILIADORA,Paraíba,Sousa,Privada,Urbana,61,563.47,538.48,558.61,614.97,808.52,616.81
1782,25127519,AECAD - ASSOCIACAO DE EDUCACAO E CULTURA ALFREDO DANTAS,Paraíba,Campina Grande,Privada,Urbana,139,559.95,543.43,558.94,597.94,822.16,616.48
1847,25071858,MARIA DE LOURDES SARAIVA DO NASCIMENTO,Paraíba,Campina Grande,Privada,Urbana,11,577.82,530.58,569.21,602.04,794.55,614.84
1914,25206800,ANA VIRGINIA SARAIVA DO NASCIMENTO,Paraíba,Campina Grande,Privada,Urbana,75,571.33,546.24,568.08,615.66,764.8,613.22
1930,25068431,COLEGIO DA LUZ LTDA,Paraíba,Guarabira,Privada,Urbana,58,558.42,537.65,555.96,624.11,788.28,612.88
1963,25164805,FERA COLEGIO E CURSO,Paraíba,Patos,Privada,Urbana,74,568.3,560.16,561.05,660.75,710.54,612.16
1981,25213806,COLEGIO E CURSO PETRONIO FIGUEIREDO LTDA,Paraíba,Campina Grande,Privada,Urbana,44,548.5,535.1,551.05,623.61,799.55,611.56
2045,25153811,PAULO SERGIO TOSCANO VARANDAS - ME,Paraíba,João Pessoa,Privada,Urbana,19,546.44,518.72,541.36,639.97,802.11,609.72
2077,25128485,COLEGIO META LTDA,Paraíba,João Pessoa,Privada,Urbana,29,565.53,544.78,564.81,623.78,745.52,608.88
2178,25096850,IFPB - CAMPUS JOAO PESSOA,Paraíba,João Pessoa,Federal,Urbana,297,570.87,538.45,569.47,632.6,719.12,606.1
2259,25130226,COOPERATIVA DE TRABALHO INSTITUTO EDUCACIONAL COMPACTO,Paraíba,Piancó,Privada,Urbana,12,553.66,519.81,551.32,576.93,816.67,603.68
2369,25146807,CENTRO EDUCACIONAL CENECISTA PROFESSOR FELIPE TIAGO GOMES,Paraíba,João Pessoa,Privada,Urbana,25,545.1,537.73,561.93,587.98,773.6,601.27
2441,25111590,SOCIEDADE GUARABIRENSE DE EDUCACAO LTDA,Paraíba,Guarabira,Privada,Urbana,52,551.67,520.15,557.74,582.78,786.54,599.78
2477,25103253,COLEGIO DIOCESANO DOM JOAO DA MATA,Paraíba,Itaporanga,Privada,Urbana,18,559.79,492.58,525.06,583.12,834.44,599
2594,25156829,ESCOLA JOAO RIQUE FERREIRA SESI,Paraíba,Campina Grande,Privada,Urbana,27,561.37,524.86,566.81,619.13,708.89,596.21
2598,25126040,NDI COLEGIO E CURSO LTDA ME,Paraíba,Campina Grande,Privada,Urbana,18,536.72,540.17,547.23,593.39,763.33,596.17
2626,25093665,ESC CENECISTA JOAO REGIS DE AMORIM,Paraíba,João Pessoa,Privada,Urbana,11,564.43,533.25,574.06,634.96,670.91,595.52
2632,25135406,COLEGIO E CURSO ALBERT EINSTEIN,Paraíba,Sapé,Privada,Urbana,23,540.4,528.75,545.09,573.77,788.7,595.34
2717,25128612,IFPB - CAMPUS ESPERANCA,Paraíba,Esperança,Federal,Urbana,35,559.11,527.69,557.55,585.22,736.57,593.23
2737,25097784,INSTITUTO EDUCACIONAL PARAIBANO LTDA ME,Paraíba,João Pessoa,Privada,Urbana,74,558.82,534.4,560.22,605.52,704.86,592.76
2749,25092901,INTERACTIVO CRISTO COLEGIO E CURSOS EIRELI ME,Paraíba,João Pessoa,Privada,Urbana,39,542.13,520.96,543.44,580.07,775.9,592.5
2872,25107909,ESPACO EDUCACIONAL CARMELA VELOSO LTDA,Paraíba,Campina Grande,Privada,Urbana,17,555.76,518.99,564.93,564.67,743.53,589.58
2925,25137409,IFPB - CAMPUS CAMPINA GRANDE,Paraíba,Campina Grande,Federal,Urbana,254,561.5,525.76,555.81,586.88,712.52,588.49
3013,25128620,IFPB - CAMPUS ITAPORANGA,Paraíba,Itaporanga,Federal,Urbana,51,559.35,521.82,549.9,575.34,725.49,586.38
3046,25017934,COLEGIO MONTEIRO LOBATO LTDA,Paraíba,Sousa,Privada,Urbana,19,540.44,512.22,550.68,585.07,741.05,585.89
3051,25128450,COLEGIO IDEAL,Paraíba,Mamanguape,Privada,Urbana,38,541.61,517.51,550.17,595.12,724.74,585.83
3060,25302922,MASTERS GOLD COLEGIO E CURSO,Paraíba,Cajazeiras,Privada,Urbana,12,533.92,494.31,566.84,571.57,761.67,585.66
3140,25020684,COLEGIO CRISTO REI,Paraíba,Patos,Privada,Urbana,51,550.07,510.72,559.79,594.7,704.71,583.99
3221,25072609,COLEGIO AUTENTICO LTDA,Paraíba,Campina Grande,Privada,Urbana,19,551.26,512.91,550.33,580.33,715.79,582.12
3230,25007564,COLEGIO NOSSA SRA DO CARMO LTDA,Paraíba,Cajazeiras,Privada,Urbana,15,538.98,506.59,527.29,623.31,713.33,581.9
3238,25121413,EXECUTIVO COLEGIO E CURSO,Paraíba,Guarabira,Privada,Urbana,52,547.58,510.18,535.16,552.71,763.08,581.74
3254,25071882,ESCOLA DE 1 GRAU SANTO ONOFRE LTDA - ME,Paraíba,Campina Grande,Privada,Urbana,12,557.35,495.82,548.05,600.37,705,581.32
3278,25098306,ELOHIM COLEGIO E CURSO,Paraíba,João Pessoa,Privada,Urbana,12,537.37,518.19,552.1,549.28,746.67,580.72
3316,25018388,ESCOLA JOSE DE PAIVA GADELHA SESI,Paraíba,Sousa,Privada,Urbana,15,541.29,488.22,536.03,576.2,757.33,579.81
3349,25001787,COL NORMAL FRANCISCA MENDES,Paraíba,Catolé do Rocha,Privada,Urbana,15,508.93,483.55,520.25,522.31,860,579.01
3364,25062832,SISTEMA DINAMICO DE ENSINO - CANTINHO DO SABER,Paraíba,Alagoa Grande,Privada,Urbana,10,534.23,515.21,523.36,538.47,782,578.65
3400,25071068,COLEGIO DJANIRA TAVARES,Paraíba,Campina Grande,Privada,Urbana,11,540.58,527.06,534.81,562.99,723.64,577.82
3404,25020846,ESC DIONISIO MARQUES DE ALMEIDA,Paraíba,Patos,Privada,Urbana,33,549.91,519.9,550.76,590.43,677.58,577.72
3467,25128388,IFPB - CAMPUS CATOLE DO ROCHA,Paraíba,Catolé do Rocha,Federal,Urbana,60,532.26,514.38,541.26,575.3,719,576.44
3521,25008978,IFPB - CAMPUS CAJAZEIRAS,Paraíba,Cajazeiras,Federal,Urbana,110,548.98,527.94,552.62,576.14,669.82,575.1
3524,25081373,ANBEAS COLEGIO NOSSA SRA DA CONCEICAO,Paraíba,Itabaiana,Privada,Urbana,37,536.64,503.41,530.62,566.24,738.38,575.06
3538,25098080,IPI - INSTITUTO PARAIBANO INFANTIL LTDA,Paraíba,João Pessoa,Privada,Urbana,27,548.23,520.38,541.04,571.4,693.33,574.87
3545,25128590,IFPB - CAMPUS SANTA RITA,Paraíba,Santa Rita,Federal,Urbana,51,532.7,505.66,541.53,563.59,730.2,574.74
3588,25120867,SERVICO SOCIAL DO COMERCIO - SESC EDUCACAO,Paraíba,João Pessoa,Privada,Urbana,60,546.34,521.91,554.36,555.13,690,573.55
3603,25125672,COLEGIO ALICE COUTINHO LTDA,Paraíba,Campina Grande,Privada,Urbana,39,549.11,495.74,545.52,573.35,702.05,573.16
3625,25102197,CENTRO EDUCACIONAL DE BREJO DO CRUZ,Paraíba,Brejo do Cruz,Privada,Urbana,13,529.88,510.88,525.42,546.62,750.77,572.71
3670,25283928,IFPB - CAMPUS PICUI,Paraíba,Picuí,Federal,Urbana,121,532.91,505.18,534.5,565.6,721.16,571.87
3681,25101668,IEPMA - COLEGIO E CURSO,Paraíba,João Pessoa,Privada,Urbana,12,545.08,510.12,548.57,576.03,678.33,571.63
3710,25281925,IFPB - CAMPUS PATOS,Paraíba,Patos,Federal,Urbana,153,537.41,522.46,550.13,584.4,661.18,571.12
3715,25098314,INTEGRACAO CENTRO DE ENSINO LTDA,Paraíba,João Pessoa,Privada,Urbana,33,536.54,496.18,554.78,539.36,727.88,570.95
3737,25128337,ECIT JOAO PEREIRA GOMES FILHO,Paraíba,João Pessoa,Estadual,Urbana,88,540.08,484.23,541.9,551.63,733.64,570.3
3739,25113100,COLIBRI COLEGIO E CURSO,Paraíba,Itapororoca,Privada,Urbana,16,538.52,495.52,535.86,575.19,706.25,570.27
3769,25125923,IFPB - CAMPUS GUARABIRA,Paraíba,Guarabira,Federal,Urbana,95,531.8,502.16,538.84,579.13,695.79,569.54
3836,25284940,IFPB - CAMPUS MONTEIRO,Paraíba,Monteiro,Federal,Urbana,80,541.12,516.23,545.28,556.66,683,568.46
3863,25266942,COLEGIO MUNDO DAS LETRAS E EXATO COLEGIO E CURSOS,Paraíba,João Pessoa,Privada,Urbana,19,540.87,508.04,544.64,550.27,695.79,567.92
3896,25126610,COLEGIO E CURSO HBE,Paraíba,João Pessoa,Privada,Urbana,14,525.62,520.69,535.93,594.46,660,567.34
3900,25124528,COLEGIO POLIGONO,Paraíba,João Pessoa,Privada,Urbana,23,529.77,513.66,536.6,578,678.26,567.26
3919,25018280,ECI MESTRE JULIO SARMENTO,Paraíba,Sousa,Estadual,Urbana,139,534.61,485.72,531.35,561.01,721.73,566.88
3922,25071491,COLEGIO ROSA MISTICA,Paraíba,Campina Grande,Privada,Urbana,35,541.11,497.5,546.37,562.58,686.29,566.77
4015,25124170,IEG COLEGIO E CURSO,Paraíba,João Pessoa,Privada,Urbana,20,529.33,486.84,532.47,549.56,727,565.04
4044,25068458,COLEGIO SANTO ANTONIO,Paraíba,Guarabira,Privada,Urbana,41,525.92,500.55,530.01,537.73,727.32,564.31
4087,25125966,INTERAGINDO SISTEMA DE ENSINO LTDA,Paraíba,João Pessoa,Privada,Urbana,13,533.06,502.78,528.36,564.06,687.69,563.19
4098,25092448,CENTRO DE ENSINO DECISAO LTDA,Paraíba,João Pessoa,Privada,Urbana,42,533.89,512.02,543.59,550.35,674.76,562.92
4112,25205803,CORALIO SOARES DE OLIVEIRA,Paraíba,Bayeux,Privada,Urbana,36,523.62,507.76,539.81,546,695,562.44
4147,25098829,CENTRO EDUCACIONAL SANTA TEREZINHA,Paraíba,Santa Rita,Privada,Urbana,17,520.28,489.45,531.96,553.37,714.12,561.84
4228,25103269,COLEGIO JOAO HERMAN RODRIGUES DE FIGUEIREDO,Paraíba,Conceição,Privada,Urbana,10,493.45,482.54,499.43,592.78,732,560.04
4328,25092839,CEEEA SESQUICENTENARIO,Paraíba,João Pessoa,Estadual,Urbana,158,528.78,484.68,536.76,537.43,703.04,558.14
4389,25072153,ECI SEVERINO CABRAL,Paraíba,Campina Grande,Estadual,Urbana,51,538.44,492.09,539.66,534.85,680.39,557.09
4467,25018027,IFPB - CAMPUS SOUSA,Paraíba,Sousa,Federal,Urbana,59,517.67,497.48,530.56,543.11,687.46,555.25
4512,25092260,ANGLO CENTRO DE EDUCACAO LTDA,Paraíba,João Pessoa,Privada,Urbana,43,523.98,498.1,529.79,548.26,671.63,554.35
4534,25061674,COLEGIO MENINO JESUS DE PRAGA,Paraíba,Esperança,Privada,Urbana,13,507.34,513.2,526.87,558.68,663.08,553.83
4550,25090852,ESCOLA SENHOR DO BONFIM,Paraíba,Bayeux,Privada,Urbana,77,518.78,504.68,532.78,543.19,668.05,553.5
4578,25093886,ECI FRANCISCA ASCENSAO CUNHA,Paraíba,João Pessoa,Estadual,Urbana,11,519.52,482.49,520.53,540.52,701.82,552.97
4645,25087193,INSTITUTO MODERNO,Paraíba,Mamanguape,Privada,Urbana,18,510.56,472.53,520.33,574.7,677.78,551.18
4651,25303937,EDUCANDARIO PEDRO CARDOSO,Paraíba,Belém,Privada,Urbana,17,480.82,442.16,483.2,525.76,823.53,551.1
4695,25092952,COLEGIO ETHOS,Paraíba,João Pessoa,Privada,Urbana,70,529.43,494.2,529.23,535.89,662.86,550.32
4699,25106210,INSTITUTO ESCOLAR ELSHADDAY,Paraíba,Itabaiana,Privada,Urbana,16,529.54,481.79,523.29,516.72,700,550.27
4877,25079956,COLEGIO MENINO JESUS,Paraíba,Queimadas,Privada,Urbana,11,496.69,492.3,519.96,558.45,669.09,547.3
4918,25021885,INST EDUC VERA CRUZ,Paraíba,Patos,Privada,Urbana,20,542,505.12,529.55,530.46,626,546.62
4952,25093703,ESCOLA DE EDUCACAO BASICA E PROFISSIONAL FUNDACAO BRADESCO,Paraíba,João Pessoa,Privada,Urbana,59,512.64,476.92,518.06,524.74,697.63,546
4998,25282921,IFPB - CAMPUS CABEDELO,Paraíba,Cabedelo,Federal,Urbana,109,522.64,490.3,534.38,541.03,636.7,545.01
5050,25094688,ECI PADRE HILDON BANDEIRA,Paraíba,João Pessoa,Estadual,Urbana,13,535.08,474.05,551.55,533.51,626.15,544.07
5083,25128604,IFPB - CAMPUS ITABAIANA,Paraíba,Itabaiana,Federal,Urbana,56,510.98,496.52,513.33,539.06,658.21,543.62
5181,25071009,CIE - CENTRO INTERATIVO DE ENSINO LTDA,Paraíba,Campina Grande,Privada,Urbana,18,500.82,483.94,532.31,518.7,674.44,542.04
5498,25072102,ECI DEP ALVARO GALDENCIO DE QUEIROZ,Paraíba,Campina Grande,Estadual,Urbana,42,525.8,480.85,518.69,503.31,658.1,537.35
5518,25043277,EECIT PROFESSOR LORDAO,Paraíba,Picuí,Estadual,Urbana,63,508.26,475.29,520.67,503.49,677.46,537.03
5568,25128787,ANGLO ZONA OESTE,Paraíba,Bayeux,Privada,Urbana,27,498.84,493.59,535.2,517.74,636.3,536.33
5596,25053124,EEEFM ALCIDES BEZERRA,Paraíba,Cabaceiras,Estadual,Urbana,43,506.31,462.93,518.18,547.87,644.65,535.99
5705,25111973,COLEGIO MENINO JESUS,Paraíba,Teixeira,Privada,Urbana,13,522.04,478.2,512.55,534.78,624.62,534.44
5757,25072420,ECIT DR ELPIDIO DE ALMEIDA,Paraíba,Campina Grande,Estadual,Urbana,246,512.38,466.69,522.14,512.72,654.31,533.65
5846,25120859,EEEFM PROF MARIA JOSE COSTA DE ALBUQUERQUE,Paraíba,Olivedos,Estadual,Urbana,39,505.52,484.48,509.13,529.47,634.36,532.59
5861,25072439,ECI HORTENCIO SOUSA RIBEIRO PREMEN,Paraíba,Campina Grande,Estadual,Urbana,156,503.17,471.56,525.95,542.27,618.72,532.33
5876,25129279,ECIT JORNALISTA JOSE ITAMAR DA ROCHA CANDIDO,Paraíba,Cuité,Estadual,Rural,78,517.34,475.46,530,535.58,602.31,532.14
5944,25007556,COLEGIO NOSSA SR¬ DE LOURDES,Paraíba,Cajazeiras,Privada,Urbana,13,494.85,462.89,505.05,526.24,667.69,531.34
5970,25094122,CPM-ESTUDANTE REBECA CRISTINA ALVES SIMOES,Paraíba,João Pessoa,Estadual,Urbana,74,504.41,460.83,515.37,521.66,653.24,531.1
5982,25117050,CENTRO INTENSIVO,Paraíba,João Pessoa,Privada,Urbana,45,503.7,473.21,521.86,503.41,652.44,530.93
5986,25097938,INSTITUTO EDUCACIONAL SANTOS DUMONT,Paraíba,João Pessoa,Privada,Urbana,34,512.5,481.31,527.89,525.11,607.65,530.89
6031,25058304,ECITE DOUTOR TRAJANO NOBREGA,Paraíba,Soledade,Estadual,Urbana,40,497.33,445.5,510.97,519.75,678.5,530.41
6049,25121251,EXTERNATO DOM PEDRO II,Paraíba,Alagoa Grande,Privada,Urbana,15,502.1,453.09,505.8,516.65,673.33,530.19
6058,25109375,INSTITUTO EDUCACIONAL ELISEU FREIRES MARIZ,Paraíba,Piancó,Privada,Urbana,12,506.53,477.45,512.2,507.84,646.67,530.14
6085,25125605,COLEGIO ATENEU,Paraíba,João Pessoa,Privada,Urbana,13,508.03,465.82,522.08,501.06,652.31,529.86
6131,25093835,EECI LUIS RAMALHO,Paraíba,João Pessoa,Estadual,Urbana,62,513.63,470.82,533.41,507.84,620.65,529.27
6143,25061402,EEEFM FRANCISCO A SILVA,Paraíba,Areial,Estadual,Urbana,37,506.01,477.17,514.84,505.09,642.7,529.16
6411,25050435,ECIT MELQUIADES VILAR,Paraíba,Taperoá,Estadual,Urbana,47,517.62,471.65,514.26,530.93,598.72,526.64
6419,25137808,SISTEMA DE ENSINO FUNDAMENTAL E MEDIO LTDA - ME - COLEGIO MASTER CENTRO,Paraíba,João Pessoa,Privada,Urbana,18,494.48,470.34,522.78,527.49,617.78,526.58
6483,25092251,ACADEMIA DE COMERCIO EPITACIO PESSOA,Paraíba,João Pessoa,Privada,Urbana,22,491.16,475.74,521.82,504.93,636.36,526
6523,25089013,ECI JOSE PAULO DE FRANCA,Paraíba,Mari,Estadual,Urbana,34,504.81,454.21,507.34,523.73,638.24,525.67
6539,25015893,EEEFM ARRUDA CAMARA,Paraíba,Pombal,Estadual,Urbana,133,506.42,459.88,506.87,520.12,634.29,525.52
6540,25099868,INST NOSSA SENHORA DE FATIMA LTDA,Paraíba,Santa Rita,Privada,Urbana,12,516.79,479.52,503.21,496.37,631.67,525.51
6681,25072030,ECI NENZINHA CUNHA LIMA,Paraíba,Campina Grande,Estadual,Urbana,22,509.83,479.62,513.62,498.1,620,524.23
6708,25104837,CENTRO EDUC SONHO DE ELOI - CESE,Paraíba,Ingá,Privada,Urbana,13,480.96,459.89,503.54,478.88,696.92,524.04
6728,25015320,EEEFM FRANCISCO DE SA CAVALCANTE,Paraíba,Paulista,Estadual,Urbana,51,474.2,454.88,483.36,516.28,690.59,523.86
6931,25015869,ECIEEFM MONSENHOR VICENTE FREITAS,Paraíba,Pombal,Estadual,Urbana,69,504.87,463.01,503.84,507.93,631.3,522.19
7031,25057146,EEEFM ANTONIO GALDINO FILHO,Paraíba,Pocinhos,Estadual,Urbana,65,494.89,461.65,520.35,507.74,621.54,521.23
7056,25116746,CEDUC SANTA LUZIA - CENTRO EDUCACIONAL SANTA LUZIA,Paraíba,Santa Luzia,Privada,Urbana,12,492.08,470.63,518.02,497.58,626.67,521
7123,25042351,ECI ANTONIO COELHO DANTAS,Paraíba,Nova Palmeira,Estadual,Urbana,34,497.2,460.37,495.75,493.59,655.88,520.56
7182,25282930,IFPB - CAMPUS PRINCESA ISABEL,Paraíba,Princesa Isabel,Federal,Urbana,55,505.99,470.66,512.8,512.12,598.55,520.02
7210,25093550,COLÉGIO EXITTUS,Paraíba,João Pessoa,Privada,Urbana,11,490.06,445.54,522.71,515.35,625.45,519.82
7373,25072307,ECI SOLON DE LUCENA,Paraíba,Campina Grande,Estadual,Urbana,52,499.28,475.49,513.32,497.24,607.31,518.53
7511,25094190,ECIT JOAO GOULART,Paraíba,João Pessoa,Estadual,Urbana,87,514.61,480.17,525.46,502.18,565.06,517.5
7597,25098357,ECI LYCEU PARAIBANO,Paraíba,João Pessoa,Estadual,Urbana,366,501.67,457.53,520.05,493.52,611.69,516.89
7665,25017080,EEEFM VALDEMIRO W DE OLIVEIRA,Paraíba,Santa Cruz,Estadual,Urbana,26,477.25,455.62,498.75,519.95,630.77,516.47
7671,25098578,SISTEMA EDUC GENIUS LTDA - COLEGIO MASTER BESSA,Paraíba,João Pessoa,Privada,Urbana,11,472.1,493.68,503.64,505.23,607.27,516.38
7711,25128418,EECI HELITON SANTANA,Paraíba,Santa Rita,Estadual,Urbana,46,511.51,476.89,523.35,514.77,554.35,516.17
7912,25020935,ESCOLA CIDADA INTEGRAL ESTADUAL DE ENSINO FUNDAMENTAL E MEDIO MONSENHOR MANOEL VIEIRA,Paraíba,Patos,Estadual,Urbana,158,494,461.96,509.84,513.92,593.92,514.73
7926,25129295,ECIT NICEIA CLAUDINO PINHEIRO,Paraíba,Cajazeiras,Estadual,Rural,108,504.18,467.92,515.43,497.9,587.78,514.64
7959,25151401,EEEFM ANTONIO GUEDES DE ANDRADE,Paraíba,Campina Grande,Estadual,Rural,13,509.66,461.72,526.01,481.15,593.85,514.48
7981,25091433,INSTITUTO AUGUSTO DOS ANJOS,Paraíba,Bayeux,Privada,Urbana,11,506.42,435.09,524.12,453.05,652.73,514.28
7986,25001825,ESC AGROTECNICA DO CAJUEIRO CAMPUS IV - UEPB,Paraíba,Catolé do Rocha,Estadual,Rural,26,480.66,470.68,505.98,495.5,618.46,514.26
7991,25092871,CENTRO PROFIS DEP ANTONIO CABRAL,Paraíba,João Pessoa,Estadual,Urbana,157,496.38,453.95,514.08,494.29,612.36,514.21
7996,25123998,ESCOLA WALNYZA BORBOREMA CUNHA,Paraíba,Campina Grande,Estadual,Rural,11,466.01,457.04,519.02,452.44,676.36,514.17
8101,25122401,EEEFM SEVERINA RAMOS DE OLIVEIRA,Paraíba,Sobrado,Estadual,Urbana,41,494.43,454.16,496.94,493.59,628.29,513.48
8103,25129287,ESCOLA CIDADA INTEGRAL TECNICA ESTADUAL DE SAO BENTO,Paraíba,São Bento,Estadual,Urbana,128,482.1,447.03,500.18,528.23,609.84,513.48
8126,25064894,ECIT JOSE ROCHA SOBRINHO,Paraíba,Bananeiras,Estadual,Urbana,71,496.05,447.37,507.69,498.56,617.18,513.37
8201,25067737,EEEF PREF JOSE ANTONIO NEVES,Paraíba,Logradouro,Estadual,Urbana,21,481.52,448.89,512,493.67,628.57,512.93
8276,25052802,EEEFM FELIX ARAUJO,Paraíba,Caturité,Estadual,Urbana,13,482.26,467.04,489.76,526.34,596.92,512.46
8363,25059629,ECIEEF SENADOR HUMBERTO LUCENA,Paraíba,Cacimba de Dentro,Estadual,Urbana,48,486.34,448.35,498.31,493.69,632.92,511.92
8430,25072145,EEEFM DOM LUIZ GONZAGA FERNANDES,Paraíba,Campina Grande,Estadual,Urbana,59,494.67,457.11,513.79,487.69,604.41,511.53
8455,25072013,ECI RAUL CORDULA,Paraíba,Campina Grande,Estadual,Urbana,80,492.03,460.26,508.28,489.58,606.75,511.38
8565,25127594,ECIT BAYEUX ERENICE CAVALCANTE FIDELIS,Paraíba,Bayeux,Estadual,Urbana,91,503.95,449.06,521.64,507.73,571.21,510.72
8578,25000047,ECI NOSSA SENHORA DA CONCEICAO,Paraíba,Belém do Brejo do Cruz,Estadual,Urbana,43,471.75,449.93,475.38,480.38,675.81,510.65
8639,25040820,ECI IOLANDA TEREZA CHAVES LIMA,Paraíba,Cubati,Estadual,Urbana,51,483.59,484.87,495.65,515.29,572.16,510.31
8700,25061720,ECIEEFM MONSENHOR JOSE DA SILVA COUTINHO,Paraíba,Esperança,Estadual,Urbana,57,493.01,467.98,505.72,496.79,586.32,509.96
8790,25040014,ECI SERAFICO NOBREGA,Paraíba,São Mamede,Estadual,Urbana,50,501.44,464.38,511.98,502.29,566.8,509.38
8870,25110780,EEEM PROFESSORA BEATRIZ MARIA DE ABREU,Paraíba,Casserengue,Estadual,Urbana,36,471.64,438.71,511.99,497.67,625,509
8924,25001833,ECI OBDULIA DANTAS,Paraíba,Catolé do Rocha,Estadual,Urbana,73,479.79,456.37,496.59,492.15,618.36,508.65
9019,25051660,EEEFM ANA FERREIRA DA COSTA,Paraíba,Riacho de Santo Antônio,Estadual,Urbana,18,476.13,474.62,490.75,495.32,603.33,508.03
9045,25054783,EEEFM MONS JOSE PAULINO,Paraíba,Arara,Estadual,Urbana,67,480.09,459.71,493.23,496.5,609.85,507.88
9047,25036335,ECI NOSSA SENHORA DO BOM CONSELHO,Paraíba,Princesa Isabel,Estadual,Urbana,89,473.78,454.87,496.68,506.61,607.42,507.87
9075,25093851,ECIEEFM PROFESSORA LILIOSA PAIVA LEITE,Paraíba,João Pessoa,Estadual,Urbana,15,478.8,439.61,508.61,476.89,634.67,507.72
9081,25102519,EEEFM ANTONIO CAMELO,Paraíba,Alhandra,Estadual,Rural,18,494.27,443.78,497.37,500.81,602.22,507.69
9139,25047469,EEEFM JAIRO AIRES CALUETE,Paraíba,Parari,Estadual,Urbana,16,484.26,420.87,491.98,503.87,636.25,507.45
9183,25094041,EEEF PROFA ARGENTINA PEREIRA GOMES,Paraíba,João Pessoa,Estadual,Urbana,59,480.7,448.24,506.19,494.03,607.12,507.26
9207,25094157,EEEFM ESCRITOR JOSE LINS DO REGO,Paraíba,João Pessoa,Estadual,Urbana,125,489.05,455.86,515.17,486.42,589.12,507.13
9248,25072692,ESCOLA NORMAL ESTADUAL PADRE EMIDIO VIANA CORREIA,Paraíba,Campina Grande,Estadual,Urbana,175,479.9,448.23,503.64,493.96,608.8,506.91
9314,25007726,EEEFM PROF¦ CRISPIM COELHO,Paraíba,Cajazeiras,Estadual,Urbana,13,490.5,481.27,517.93,467.5,575.38,506.52
9366,25062220,EEEFM MONS JOSE BORGES,Paraíba,São Sebastião de Lagoa de Roça,Estadual,Urbana,65,487.81,462.84,492.82,480.93,606.77,506.23
9427,25114484,ECIT JOAO ROBERTO BORGES DE SOUZA,Paraíba,João Pessoa,Estadual,Urbana,33,495.44,454.71,522.44,499.46,557.58,505.92
9475,25068725,EEEF PROFESSOR EDGARDO JULIO,Paraíba,Guarabira,Estadual,Urbana,20,478.11,456.26,492.89,497.83,603,505.62
9488,25152815,EEEFM ISABEL RODRIGUES DE MELO,Paraíba,Campina Grande,Estadual,Rural,24,487.97,462.1,501.64,480.22,595.83,505.55
9544,25072110,ECI FELIX ARAUJO,Paraíba,Campina Grande,Estadual,Urbana,65,492.86,468.32,503.56,504.28,557.23,505.25
9619,25020927,ESCOLA CIDADA INTEGRAL AUZANIR LACERDA,Paraíba,Patos,Estadual,Urbana,75,493.92,455.63,514.49,509.09,550.67,504.76
9684,25003054,EEEFM FREI BRUNO,Paraíba,Lagoa,Estadual,Urbana,22,492.87,451.53,509.35,509.44,559.09,504.46
9824,25094726,EEEFM PROF CELESTIN MALZAC,Paraíba,João Pessoa,Estadual,Urbana,80,478.16,448.15,509.95,485.93,596,503.64
9848,25093959,ECIT OLIVINA OLIVIA CARNEIRO DA CUNHA,Paraíba,João Pessoa,Estadual,Urbana,88,479.62,457.71,514.32,488.91,577.05,503.52
9890,25024558,ECITE ADVOGADO NOBEL VITA,Paraíba,Coremas,Estadual,Urbana,88,470.18,454.17,483.17,516.68,592.27,503.29
9893,25051598,ECI PROF MARIA CECILIA DE CASTRO,Paraíba,Alcantil,Estadual,Urbana,30,477.93,446.36,486.42,497.72,608,503.29
9898,25072412,ECIEEM ESCRITOR VIRGINIUS DA GAMA E MELO,Paraíba,Campina Grande,Estadual,Urbana,58,488.11,446.78,503.63,487.78,590,503.26
9901,25053493,EEEFM FRANCISCO DEODATO DO NASCIMENTO,Paraíba,São Domingos do Cariri,Estadual,Urbana,10,497.38,460.38,515.06,493.44,550,503.25
9958,25078550,ECIT PLINIO LEMOS,Paraíba,Puxinanã,Estadual,Urbana,17,473.4,413.56,492.6,502,632.94,502.9
10065,25094661,EEEF PEDRO LINS VIEIRA DE MELO,Paraíba,João Pessoa,Estadual,Urbana,59,485.87,458.91,517.34,487.31,562.37,502.36
10127,25118358,EEEFM DEPUTADO PEDRO PASCOAL DE OLIVEIRA,Paraíba,Juazeirinho,Estadual,Urbana,17,487.51,432.45,493.94,455.22,641.18,502.06
10389,25072218,EEEFM CLEMENTINO PROCOPIO,Paraíba,Campina Grande,Estadual,Urbana,50,490.8,440.11,504.89,473.2,594.4,500.68
10425,25072021,EEEFM SEN ARGEMIRO DE FIGUEIREDO,Paraíba,Campina Grande,Estadual,Urbana,107,487.8,457.02,502.19,484.05,571.4,500.49
10449,25130269,ECIT ITAPORANGA,Paraíba,Itaporanga,Estadual,Urbana,32,498.53,468.39,497.93,478.03,558.75,500.33
10462,25064126,EEEIEFM CARLOTA BARREIRA,Paraíba,Areia,Estadual,Urbana,79,480.4,443.32,488.33,481.91,607.34,500.26
10569,25095056,ECIT OSWALDO PESSOA,Paraíba,João Pessoa,Estadual,Urbana,128,485.07,460.71,497.41,474.17,581.41,499.75
10601,25064800,UFPB - COLEGIO AGRICOLA VIDAL DE NEGREIROS DA UFPB,Paraíba,Bananeiras,Federal,Rural,43,471.92,482.17,507.25,489.03,547.44,499.56
10606,25069357,EEEFM IVAN BICHARA SOBREIRA,Paraíba,Lagoa de Dentro,Estadual,Urbana,32,465.64,450.57,512.06,490.04,579.38,499.54
10615,25041525,ECITE MARECHAL ALMEIDA BARRETO,Paraíba,Juazeirinho,Estadual,Urbana,63,488.74,446.09,490.66,479.65,592.38,499.5
10646,25083490,ECI DEP CARLOS PESSOA FILHO,Paraíba,Aroeiras,Estadual,Urbana,66,480.84,429.73,491.68,482.35,611.82,499.28
10647,25055836,EEEFM ORLANDO VENANCIO DOS SANTOS,Paraíba,Cuité,Estadual,Urbana,98,480.78,453.81,496.5,488.37,576.94,499.28
10655,25095013,EEEF PROFESSORA ANTONIA RANGEL DE FARIAS,Paraíba,João Pessoa,Estadual,Urbana,74,480.66,455.19,495.84,489.16,575.41,499.25
10669,25086316,ECIEEFM ALZIRA LISBOA,Paraíba,Jacaraú,Estadual,Urbana,75,489.01,444.39,500.28,498.91,563.47,499.21
10717,25060376,ECI ALFREDO PESSOA DE LIMA,Paraíba,Solânea,Estadual,Urbana,51,476.3,443.57,487.71,482.98,604.31,498.97
10779,25002457,EEEFM JOSE SERAFIM DE LIMA,Paraíba,Mato Grosso,Estadual,Urbana,12,468.64,434.87,480.42,479.58,630,498.7
10787,25060058,EEEFM GOVERNADOR CLOVIS BEZERRA CAVALCANTI,Paraíba,Dona Inês,Estadual,Urbana,31,475.55,444.05,499.21,484.89,589.68,498.68
10861,25094130,ECI HORACIO DE ALMEIDA,Paraíba,João Pessoa,Estadual,Urbana,67,487.58,448.98,510.72,489.54,554.63,498.29
10878,25051580,ECITE CONSELHEIRO JOSE BRAZ DO REGO,Paraíba,Boqueirão,Estadual,Urbana,38,485.81,443.7,498.41,474.98,587.89,498.16
10911,25034839,ECI ARLINDA PESSOA DA SILVA,Paraíba,Juru,Estadual,Rural,26,489.93,456.64,504.79,506.43,532.31,498.02
10956,25037226,EEEFM ADRIANO FEITOSA,Paraíba,Tavares,Estadual,Urbana,69,482.97,453.9,506.17,499.67,546.38,497.82
11076,25072005,EEEFM ADEMAR VELOSO SILVEIRA,Paraíba,Campina Grande,Estadual,Urbana,91,482.45,454.63,503.34,473.29,572.75,497.29
11138,25060996,EEEFM DR TERCILIO TEIXEIRA DA CRUZ,Paraíba,Tacima,Estadual,Urbana,16,474.38,452.22,498.42,474.75,585,496.95
11147,25020986,EEEF RIO BRANCO,Paraíba,Patos,Estadual,Urbana,58,475.05,453.48,500.72,484.63,570.69,496.91
11191,25014951,EEEFM FRANCISCO AUGUSTO CAMPOS,Paraíba,Nazarezinho,Estadual,Urbana,20,499.39,432.78,510.18,500.16,541,496.7
11246,25096702,ESCOLA CIDADA INTEGRAL ESTADUAL PROFESSORA MARIA DO CARMO DE MIRANDA,Paraíba,João Pessoa,Estadual,Urbana,42,491.93,433.26,507.79,472.51,576.67,496.43
11304,25013840,EEEFM DR TRAJANO PIRES DA NOBREGA,Paraíba,Condado,Estadual,Urbana,42,477.69,438.17,488.62,482.23,593.81,496.1
11378,25038478,ECIT EZEQUIEL FERNANDES,Paraíba,Junco do Seridó,Estadual,Urbana,46,474.94,456.41,501.95,482.6,562.61,495.7
11403,25018582,ENE JOSE DE PAIVA GADELHA,Paraíba,Sousa,Estadual,Urbana,155,470.41,441.8,490.41,495.81,579.35,495.56
11458,25114808,ECI PROFESSOR ITAN PEREIRA,Paraíba,Campina Grande,Estadual,Urbana,75,474.67,461.51,489.47,474.8,576,495.29
11475,25097725,INSTITUTO DE EDUCACAO DA PARAIBA - IEP,Paraíba,João Pessoa,Estadual,Urbana,231,481.47,445.76,503.6,493.74,551.43,495.2
11520,25067460,EEEFM PROF MARIA GERTRUDES DE CARVALHO NEVES,Paraíba,Caiçara,Estadual,Urbana,29,470.91,443.51,484.24,474.3,602.07,495.01
11609,25019597,EEEFM DORGIVAL SILVEIRA,Paraíba,São Francisco,Estadual,Urbana,23,492.19,447.63,497.5,471.99,563.48,494.55
11620,25117866,EEEFM POETISA VICENTINA FIGUEIREDO VITAL DO REGO,Paraíba,Campina Grande,Estadual,Urbana,53,471.53,455.14,490.22,471.41,584.15,494.49
11710,25072129,EEEFM SAO SEBASTIAO,Paraíba,Campina Grande,Estadual,Urbana,33,481.01,440.91,488.31,463.24,596.97,494.09
11838,25077147,EEEFM JOANA EMILIA DA SILVA,Paraíba,Fagundes,Estadual,Urbana,66,471.99,440.79,480.41,471.04,602.73,493.39
11844,25080849,EEEFM LUIZ GONZAGA BURITY,Paraíba,Ingá,Estadual,Urbana,64,467.48,446.65,491.96,498.55,562.19,493.37
11876,25042661,ECI GRACILIANO FONTINI LORDAO,Paraíba,Pedra Lavrada,Estadual,Urbana,48,480.98,439.81,494.55,484.91,565.83,493.22
11906,25020749,COMPLEXO EDUCACIONAL PATOENSE LTDA,Paraíba,Patos,Privada,Urbana,11,438.74,456.3,498.35,504.62,567.27,493.05
11952,25076400,EEEFM PROF ANTONIO OLIVEIRA,Paraíba,Campina Grande,Estadual,Urbana,40,483.61,439.47,495.44,466.75,579,492.85
11972,25045059,ECI JOAO LELYS,Paraíba,Livramento,Estadual,Urbana,48,488.55,439.07,499.26,474.58,562.08,492.71
12033,25126415,EEEFM TEREZA ALVES DE MOURA,Paraíba,Queimadas,Estadual,Rural,23,496.06,454.39,496.95,476.19,538.26,492.37
12035,25094262,EEEF PROFESSOR JOAO JOSE DA COSTA,Paraíba,João Pessoa,Estadual,Urbana,41,479.74,447.55,497.48,480.49,556.59,492.37
12100,25061739,EEEFM IRINEU JOFFILY,Paraíba,Esperança,Estadual,Urbana,65,461.32,443.37,485.16,487.17,583.08,492.02
12260,25072080,EEEFM NINA ALVES DE LIMA,Paraíba,Campina Grande,Estadual,Urbana,11,476.25,468.55,503.52,454.76,552.73,491.16
12289,25072137,ECIT PROF ANESIO LEAO,Paraíba,Campina Grande,Estadual,Urbana,12,459.32,424.78,477.17,486.98,606.67,490.98
12313,25056581,EEEFM JOSE VITORINO DE MEDEIROS,Paraíba,Sossêgo,Estadual,Urbana,31,484.07,449.29,485.1,488.87,547.1,490.89
12327,25006223,EEEFM MONSENHOR MORAIS,Paraíba,Bonito de Santa Fé,Estadual,Urbana,36,483.52,449.83,495.43,479.19,546.11,490.82
12344,25090135,ENE CASSIANO RIBEIRO COUTINHO,Paraíba,Sapé,Estadual,Urbana,55,474.96,446.15,494.31,487.75,550.55,490.74
12363,25048880,EEEFM SENADOR JOSE GAUDENCIO,Paraíba,Serra Branca,Estadual,Urbana,80,477.56,456.84,487.52,480.17,551.25,490.67
12427,25066676,ECI FRANCISCO PESSOA DE BRITO,Paraíba,Araçagi,Estadual,Urbana,41,460.18,435.39,485.82,467.07,603.41,490.37
12500,25014226,EEEFM MANOEL MEDEIROS DE ARAUJO,Paraíba,Vista Serrana,Estadual,Urbana,27,479.99,445.74,482.07,513.47,528.89,490.03
12538,25018060,EEEFM IZIDRA PACIFICO DE ARAUJO,Paraíba,Sousa,Estadual,Rural,12,448.47,425.08,490.16,478.94,606.67,489.87
12547,25050486,EEEF E EJA FELIX DALTRO,Paraíba,Taperoá,Estadual,Urbana,24,466.63,426.12,486.13,486,584.17,489.81
12599,25047450,EEEFM BARTOLOMEU MARACAJA,Paraíba,São José dos Cordeiros,Estadual,Urbana,13,471.23,435.48,503.25,474.75,563.08,489.56
12672,25068636,ECI JOSE SOARES DE CARVALHO,Paraíba,Guarabira,Estadual,Urbana,126,466.43,440.58,488.53,479.04,571.59,489.23
12695,25040600,EEEM PROF¦ ODILON DE FIGUEIREDO,Paraíba,Várzea,Estadual,Urbana,12,490.95,447.52,507.55,496.17,503.33,489.11
12712,25018094,EEEFM DR JOSE GADELHA,Paraíba,Aparecida,Estadual,Urbana,21,469.17,442.76,481.85,493.16,558.1,489.01
12713,25052497,EEEFM ALM ANTONIO HERACLITO DO REGO,Paraíba,Barra de Santana,Estadual,Urbana,33,461.17,434.04,487.48,475.64,586.67,489
12723,25007904,EEEFM MONS CONSTANTINO VIEIRA,Paraíba,Cajazeiras,Estadual,Urbana,136,465.22,440.75,485.17,484.4,569.12,488.93
12915,25087860,ECI LUIZ GONZAGA BURITY,Paraíba,Rio Tinto,Estadual,Urbana,33,475.36,428.07,487.35,469.67,579.39,487.97
12978,25020960,EEEF CORIOLANO DE MEDEIROS,Paraíba,Patos,Estadual,Urbana,50,471.93,447.44,484.54,491.99,542.4,487.66
13057,25127977,ECIT VALE DO MAMANGUAPE JOAO DA MATA CAVALCANTI DE ALBUQUERQUE,Paraíba,Mamanguape,Estadual,Urbana,124,476.57,446.35,503.96,468.99,540.48,487.27
13093,25086049,E C I E E F M SEVERINO FELIX DE BRITO,Paraíba,Itapororoca,Estadual,Urbana,25,485.07,431.71,499.8,489.23,529.6,487.08
13094,25009192,EEEFM JOEL PEREIRA DA SILVA,Paraíba,Carrapateira,Estadual,Urbana,20,463.18,427.25,470.72,481.2,593,487.07
13104,25063340,EEEFM MONSENHOR JOSE BORGES DE CARVALHO,Paraíba,Alagoa Nova,Estadual,Urbana,90,486.46,447.78,487.55,475.36,538,487.03
13203,25057820,ECI JOSE BRONZEADO SOBRINHO,Paraíba,Remígio,Estadual,Urbana,63,469.9,440.45,485.06,462.69,574.6,486.54
13235,25094114,ECIT ALICE CARNEIRO,Paraíba,João Pessoa,Estadual,Urbana,44,483.19,454.67,502.54,480.32,510.91,486.33
13247,25093878,EEEM CON LUIZ GONZAGA DE OLIVEIRA,Paraíba,João Pessoa,Estadual,Urbana,103,480.64,451.06,502.3,475.96,521.36,486.26
13298,25018272,EEEFM PROF¬ DIONE DINIZ OLIVEIRA DIAS,Paraíba,Sousa,Estadual,Rural,14,465.23,441.34,472.94,486.09,564.29,485.98
13360,25029789,ECI ADILINA DE SOUZA DINIZ,Paraíba,Diamante,Estadual,Urbana,55,466.93,433.88,471.82,511.81,544,485.69
13384,25114433,EEEF SENADOR HUMBERTO LUCENA,Paraíba,Campina Grande,Estadual,Urbana,74,479.02,444.62,491.29,477.03,535.95,485.58
13395,25049372,EEEIFM MANOEL HONORATO SOBRINHO,Paraíba,Coxixola,Estadual,Urbana,12,503.63,458.29,518.81,515.25,431.67,485.53
13415,25038796,EEEM FENELON NOBREGA,Paraíba,Salgadinho,Estadual,Urbana,14,475.91,453.84,480.51,445.31,571.43,485.4
13422,25091549,ECI JOSE GUEDES CAVALCANTE,Paraíba,Cabedelo,Estadual,Urbana,60,483.64,443.61,509.27,476.9,513.33,485.35
13446,25058975,ECI BENJAMIN MARANHAO,Paraíba,Araruna,Estadual,Urbana,56,479.49,439.34,478.54,481.93,546.79,485.22
13477,25014692,EEEFM DR ANTONIO F MEDEIROS,Paraíba,Malta,Estadual,Urbana,21,454.82,438.3,483.77,479,569.52,485.08
13538,25018639,EEEF DR THOMAZ PIRES,Paraíba,Sousa,Estadual,Urbana,22,452.99,434.73,477.68,485.93,572.73,484.81
13571,25072056,EEEFM POETA CARLOS DRUMOND DE ANDRADE,Paraíba,Campina Grande,Estadual,Urbana,30,476.52,441.2,503.6,458.61,543.33,484.65
13605,25120778,EEIEFM PEDRO POTI,Paraíba,Baía da Traição,Estadual,Rural,23,474.17,423.46,464.32,462.09,598.26,484.46
13638,25019228,EEEFM ANTONIO TEODORO NETO,Paraíba,Sousa,Estadual,Urbana,11,468.66,424.03,504.71,474.93,549.09,484.28
13696,25090909,ECIEEFM IRINEU PINTO,Paraíba,Bayeux,Estadual,Urbana,49,461.07,439.94,491.06,454.61,573.06,483.95
13793,25065025,ENE PROF PEDRO A DE ALMEIDA,Paraíba,Bananeiras,Estadual,Urbana,60,463.99,437.25,492.68,471.56,551,483.3
13824,25048775,EEEFM MARIA BALBINA PEREIRA,Paraíba,Serra Branca,Estadual,Urbana,10,471.25,438.69,492.74,491.19,522,483.17
13828,25086928,EEEF PROFESSOR LUIZ APRIGIO,Paraíba,Mamanguape,Estadual,Urbana,38,464.8,450.92,474.79,484.77,540.53,483.16
13831,25084445,EEEFM JOAO DA SILVA MONTEIRO,Paraíba,Gado Bravo,Estadual,Urbana,28,474.99,436.42,489.18,475.05,540,483.13
13941,25024175,EEEFM INACIO DA CATINGUEIRA,Paraíba,Catingueira,Estadual,Urbana,27,466.27,447.05,489.99,495.26,514.07,482.53
13991,25092898,EEEFM DE EJA PROF GERALDO LAFAYETTE BEZERRA,Paraíba,João Pessoa,Estadual,Urbana,27,473.23,444.34,509.65,490.04,494.07,482.27
14012,25020102,EEEFM FRANCISCO ROMANO DA SILVEIRA,Paraíba,Mãe D`Água,Estadual,Urbana,15,486.79,433.15,482.91,477.49,530.67,482.2
14079,25057839,EEEFM DR CUNHA LIMA,Paraíba,Remígio,Estadual,Urbana,44,458.33,439.41,489.8,456.57,565,481.82
14095,25009931,ECI ELAINE SOARES BRASILEIRO,Paraíba,Santa Helena,Estadual,Urbana,30,471.76,436.86,491.86,462.16,546,481.73
14112,25089838,EEEFM RIACHAO DO POCO,Paraíba,Riachão do Poço,Estadual,Urbana,15,465.77,439.05,481.48,448.56,573.33,481.64
14119,25094750,ECI OLIVIO PINTO,Paraíba,João Pessoa,Estadual,Urbana,32,460.31,437.51,489.07,460.52,560.63,481.61
14186,25062069,ECI MARIA JOSE DE SOUZA,Paraíba,Montadas,Estadual,Urbana,29,472.44,432.61,476.21,471.53,553.1,481.18
14197,25126180,ECI LINDUARTE NORONHA,Paraíba,João Pessoa,Estadual,Urbana,21,484.82,446.1,504.05,482.09,488.57,481.13
14217,25022652,EEEFM JOSE AMERICO DE ALMEIDA,Paraíba,São José de Espinharas,Estadual,Urbana,21,471.96,441.26,491.19,467.5,533.33,481.05
14234,25016105,EEEFM DEPUTADO LEVI OLIMPIO FERREIRA,Paraíba,São Bentinho,Estadual,Urbana,27,446.63,447.63,481.14,489.5,540,480.98
14249,25094742,EEEFM PROFESSORA MARIA JACY COSTA,Paraíba,João Pessoa,Estadual,Urbana,15,495.95,460.16,496.09,464.37,488,480.91
14268,25059017,EEEF TARGINO PEREIRA CEPES AN1,Paraíba,Araruna,Estadual,Urbana,20,459.21,424.75,483.5,461.56,575,480.8
14281,25093932,ECIT DAURA SANTIAGO RANGEL,Paraíba,João Pessoa,Estadual,Urbana,39,454.21,432.83,482.83,464.08,569.74,480.74
14295,25094025,EEEFM TENENTE LUCENA,Paraíba,João Pessoa,Estadual,Urbana,37,469.26,436.44,495.21,471.03,531.35,480.66
14325,25094777,EEEFM PROF¬ DEBORA DUARTE,Paraíba,João Pessoa,Estadual,Urbana,50,469.41,426.04,489.85,468.82,548.4,480.51
14334,25115049,EEEF PROF PAULO FREIRE,Paraíba,João Pessoa,Estadual,Urbana,76,478.72,442.5,501.65,473.38,506.05,480.46
14347,25019740,EEEM MARIA MOREIRA PINTO,Paraíba,Vieirópolis,Estadual,Urbana,26,457.4,426.23,474.19,475.58,568.46,480.37
14391,25076582,EEEFM IRMA JOAQUINA SAMPAIO,Paraíba,Campina Grande,Estadual,Urbana,18,474.52,441.32,472.95,464.39,547.78,480.19
14396,25070088,EEEFM SILVIO PORTO,Paraíba,Pilõezinhos,Estadual,Urbana,12,479.03,441.4,502.15,454.9,523.33,480.16
14404,25097091,ESCOLA ESTADUAL DE ENSINO FUNDAMENTAL E MEDIO AUDIOCOMUNICACAO,Paraíba,João Pessoa,Estadual,Urbana,10,468.5,399.37,486.7,496.11,550,480.14
14443,25050427,EEEFM JOAO ROGERIO D TOLEDO,Paraíba,Assunção,Estadual,Urbana,20,458.56,438.85,494.01,479.23,529,479.93
14462,25090887,ECI PROF ANTONIO GOMES,Paraíba,Bayeux,Estadual,Urbana,42,485.25,437.26,480.31,470.62,525.71,479.83
14468,25005995,EEEFM PROF¬ FRANCISCA FONSECA MATIAS,Paraíba,Poço de José de Moura,Estadual,Urbana,43,476.84,439.34,492.09,467.03,523.72,479.8
14484,25015885,EEEFM JOAO DA MATA,Paraíba,Pombal,Estadual,Urbana,15,484.74,447.28,476.81,504.34,485.33,479.7
14500,25089820,EEEFM GENTIL LINS,Paraíba,Sapé,Estadual,Urbana,128,471.31,431.19,484.13,466.13,545.31,479.61
14508,25086324,EEEFM MARGARIDA DIAS,Paraíba,Pedro Régis,Estadual,Urbana,22,462.52,436.11,476.11,466.72,556.36,479.57
14519,25064134,ECITE MINISTRO JOSE AMERICO DE ALMEIDA,Paraíba,Areia,Estadual,Urbana,23,473.52,432.49,486.28,446.07,559.13,479.5
14533,25003844,EEEFM JOAO SILVEIRA GUIMARAES,Paraíba,São Bento,Estadual,Urbana,117,466.47,436.72,486.64,478.65,528.72,479.44
14547,25043897,EEEFM CICERO DOS ANJOS,Paraíba,Seridó,Estadual,Urbana,42,462.53,436.79,471.6,470.61,555.24,479.35
14592,25062638,EEEFM PADRE HILDON BANDEIRA,Paraíba,Alagoa Grande,Estadual,Urbana,84,455.58,439.31,483.07,476.62,540.95,479.11
14603,25070703,CAIC JOSE JOFILLY,Paraíba,Campina Grande,Estadual,Urbana,63,461.22,427.35,477.71,472.37,556.51,479.03
14613,25010565,EEEFM PREF¦ JOAQUIM LACERDA LEITE,Paraíba,São José de Piranhas,Estadual,Urbana,26,473.07,438.1,484.63,482.89,516.15,478.97
14618,25089781,ECI MONSENHOR ODILON ALVES PEDROSA,Paraíba,Sapé,Estadual,Urbana,59,475.28,430.12,491.86,472.34,525.08,478.94
14624,25054023,EEEFM DEP ALVARO G QUEIROZ,Paraíba,Santo André,Estadual,Urbana,22,461.39,433.51,497.7,460.14,541.82,478.91
14646,25078569,EEEF SEVERIANO PEDRO DO NASCIMENTO,Paraíba,Puxinanã,Estadual,Rural,40,485.75,454.86,492.69,465,495.5,478.76
14655,25068342,EEEFM JOAO DE FREITAS MOUZINHO,Paraíba,Sertãozinho,Estadual,Urbana,33,481.08,452.88,476.2,469.38,513.94,478.7
14696,25089552,EEEFM MARIA LINS,Paraíba,São Miguel de Taipu,Estadual,Urbana,22,454.92,437.54,470.95,467.15,561.82,478.47
14757,25081888,EEEFM JOSE R DE ATAIDE,Paraíba,Itatuba,Estadual,Urbana,33,474.79,440.68,469.55,467.52,538.18,478.15
14769,25016059,EEEFM MARIA SOLEDADE ASSIS FREITAS,Paraíba,Cajazeirinhas,Estadual,Urbana,21,465,436.15,472.78,450.54,565.71,478.04
14807,25051296,EEE FUNDAMENTAL E MEDIO MELQUIADES TEJO,Paraíba,Barra de São Miguel,Estadual,Urbana,10,484.4,447.65,478.05,484.85,494,477.79
14811,25012207,EEEFM BERNARDINO JOSE BATISTA,Paraíba,Triunfo,Estadual,Urbana,41,459.29,431.23,487.86,455.38,555.12,477.78
14837,25043269,EEEM SEVERINO GREGORIO DANTAS,Paraíba,Picuí,Estadual,Rural,17,465.22,446,495.57,494.06,487.06,477.58
14852,25100033,ECIT RENATO RIBEIRO COUTINHO,Paraíba,Alhandra,Estadual,Urbana,106,466.1,432.72,480.81,463.4,544.53,477.51
14879,25001477,EEEFM PROF¬ DIVA GUEDES DE ARAUJO,Paraíba,Brejo dos Santos,Estadual,Urbana,35,470.15,425.93,487.66,468.83,534.29,477.37
14888,25090879,EEEFM ENG JOSE DAVILA LINS,Paraíba,Bayeux,Estadual,Urbana,74,460.25,434.65,494.22,466.39,531.08,477.32
14917,25060406,EEEFM ARLINDO RAMALHO,Paraíba,Solânea,Estadual,Urbana,41,464.81,436.12,483.87,466.51,534.63,477.19
14936,25094050,ECI LUIZ GONZAGA DE ALBUQUERQUE BURITY,Paraíba,João Pessoa,Estadual,Urbana,30,489.48,441.51,504.29,474.07,476,477.07
14957,25094181,ESCOLA CIDADA INTEGRAL ESTADUAL DE ENSINO FUNDAMENTAL E MEDIO PAPA PAULO VI,Paraíba,João Pessoa,Estadual,Urbana,101,473.33,438.56,493.51,467.74,511.68,476.97
14972,25070312,ECI AUGUSTO DE ALMEIDA,Paraíba,Pirpirituba,Estadual,Urbana,26,451.63,430.4,485.31,498.61,518.46,476.88
15005,25078992,EEEFM FRANCISCO E DO REGO,Paraíba,Queimadas,Estadual,Urbana,129,462.02,428.81,479.33,464.31,548.99,476.69
15052,25037781,EEEFM ANTONIO MOACIR DANTAS CAVALCANTI,Paraíba,Maturéia,Estadual,Urbana,28,473.21,427.85,484.56,469.96,526.43,476.4
15097,25054180,EEEFM JORNALISTA JOSE LEAL RAMOS,Paraíba,São João do Cariri,Estadual,Urbana,34,462.36,437.23,492.17,471.35,517.65,476.15
15128,25023896,ECI JOSELITA BRASILEIRO,Paraíba,Igaracy,Estadual,Urbana,62,456.32,414.28,459.98,478.09,571.29,475.99
15138,25033786,EEEFM GERTRUDES LEITE,Paraíba,Desterro,Estadual,Urbana,39,471.58,423.23,484.38,471.12,529.23,475.91
15139,25094203,ECI DOM JOSE MARIA PIRES,Paraíba,João Pessoa,Estadual,Urbana,27,466.67,435.02,483.89,465.08,528.89,475.91
15148,25084526,EEEFM DR FRANCISCO DE ALBUQUERQUE MONTENEGRO,Paraíba,Natuba,Estadual,Urbana,20,442.51,424.06,478.17,473.62,561,475.87
15219,25022296,EEEFM PROFESSOR JOAO NOBERTO,Paraíba,Santa Teresinha,Estadual,Urbana,27,480.65,446.43,481.43,483.64,485.19,475.47
15227,25037803,EEEFM SEBASTIAO GUEDES DA SILVA,Paraíba,Teixeira,Estadual,Urbana,59,468.4,438.22,476.91,488.45,505.08,475.41
15246,25078577,EEEF CONEGO ANTONIO GALDINO,Paraíba,Puxinanã,Estadual,Urbana,18,458.4,439.54,478.55,472.09,527.78,475.27
15303,25031481,EEEFM JOAO DE S PRIMO,Paraíba,Pedra Branca,Estadual,Urbana,30,458.59,427.63,466.1,490.06,532,474.88
15324,25117700,EEEF SEVERINO BARBOSA CAMELO,Paraíba,Boqueirão,Estadual,Urbana,64,466.51,425.7,471.4,472.79,537.5,474.78
15360,25055046,EEEFM JOSE LUIZ NETO,Paraíba,Barra de Santa Rosa,Estadual,Urbana,96,461.15,432.22,476.68,479.53,523.54,474.63
15382,25019813,EEEFM ALDO SATIRO XAVIER,Paraíba,Cacimba de Areia,Estadual,Urbana,26,467.01,436.8,489.45,483.84,495.38,474.5
15415,25018078,EEEF ANDRE GADELHA,Paraíba,Sousa,Estadual,Urbana,16,478.09,440.49,502.74,446.4,503.75,474.29
15436,25066374,ECIT E AGENOR CLEMENTE DOS SANTOS,Paraíba,Alagoinha,Estadual,Urbana,62,456.94,425.91,475.34,468.32,544.19,474.14
15437,25082493,EEEFM OTAVIA SILVEIRA,Paraíba,Mogeiro,Estadual,Urbana,44,455.59,440.61,473.09,456.86,544.55,474.14
15456,25025635,EEEFM JOAO LEITE NETO,Paraíba,Nova Olinda,Estadual,Urbana,41,453.24,428,459.39,494.95,534.63,474.04
15457,25049496,ECI JOSE GONCALVES DE QUEIROZ,Paraíba,Sumé,Estadual,Urbana,99,468.29,435.24,482.15,469.36,515.15,474.04
15462,25027174,EEEM DR FELIZARDO TEOTONIO DANTAS,Paraíba,Santana dos Garrotes,Estadual,Urbana,15,488.49,448.23,480.73,464.61,488,474.01
15493,25099299,EEEFM CARLOS CHAGAS,Paraíba,Santa Rita,Estadual,Urbana,136,461.64,437.58,492.82,470.36,506.62,473.81
15525,25027026,EEEM SANTO ANTONIO,Paraíba,Piancó,Estadual,Urbana,53,471.93,439.85,480.61,478.46,496.98,473.57
15539,25004883,ECIT CORONEL JACOB GUILHERME FRANTZ,Paraíba,São João do Rio do Peixe,Estadual,Urbana,54,463.94,439.65,478.48,477.92,507.41,473.48
15555,25114506,EEEFM PROF JOSE BAPTISTA DE MELLO,Paraíba,João Pessoa,Estadual,Urbana,52,474.4,446.72,483.14,460.75,501.92,473.39
15559,25080016,EEEFM DOM ADAUTO,Paraíba,Serra Redonda,Estadual,Urbana,25,459.91,411.88,473.88,471.53,549.6,473.36
15631,25087673,ECI HENRIQUE FERNANDES DE FARIAS,Paraíba,Curral de Cima,Estadual,Urbana,38,459.46,431.96,470.45,476.03,526.84,472.95
15644,25103563,EEEFM PROFESSOR JOSE GOMES ALVES,Paraíba,Patos,Estadual,Urbana,64,476.32,446.29,485,473.46,483.13,472.84
15645,25090984,EEEFM JOAO CAETANO,Paraíba,Bayeux,Estadual,Urbana,47,454.09,425.75,494.78,473.4,516.17,472.84
15653,25012916,EEEFM DR JOSE DUARTE FILHO,Paraíba,Uiraúna,Estadual,Urbana,57,466.27,424.95,476.81,481.24,514.74,472.8
15683,25068628,ECIT EMILIANO CRISTO,Paraíba,Guarabira,Estadual,Urbana,33,462.91,412.04,471.88,456.79,559.39,472.6
15760,25046950,ECI FRANCISCO DE ASSIS GONZAGA,Paraíba,Prata,Estadual,Urbana,30,466.64,429.62,487.07,456.1,521.33,472.15
15843,25077759,ECITE FRANCISCA MARTINIANO DA ROCHA,Paraíba,Lagoa Seca,Estadual,Urbana,54,456.93,442.24,473.61,460.49,524.81,471.62
15899,25094637,ECIT PEDRO ANISIO BEZERRA DANTAS,Paraíba,João Pessoa,Estadual,Urbana,17,467.81,436.09,475.38,470.66,505.88,471.16
15917,25099256,EEEFM MARIA DE LOURDES ARAUJO,Paraíba,Santa Rita,Estadual,Urbana,56,464.39,437.92,498.69,464.65,489.64,471.06
15920,25084950,ECITE PRESIDENTE JOAO PESSOA,Paraíba,Umbuzeiro,Estadual,Urbana,41,459.58,420.34,474.43,470.21,530.73,471.06
15960,25116762,EEEFM LUIZ RIBEIRO LIMEIRA,Paraíba,Santa Rita,Estadual,Urbana,17,463.82,435.29,477.1,476.84,501.18,470.84
15982,25072242,EEEF JOSE PINHEIRO,Paraíba,Campina Grande,Estadual,Urbana,15,476.85,430.72,475.7,472.65,497.33,470.65
15996,25033204,EEEFM JOSE NOMINANDO,Paraíba,Água Branca,Estadual,Urbana,45,447.16,441.08,469.63,483.95,511.11,470.59
16052,25020900,EEEFM ANTONIA ARAUJO,Paraíba,Patos,Estadual,Urbana,35,457.82,448.46,470.85,479.21,494.86,470.24
16125,25039032,ECIT PADRE JERONIMO LAUWEN,Paraíba,Santa Luzia,Estadual,Urbana,81,477.31,433.56,483.63,474.16,479.75,469.68
16134,25044362,ECITE PEDRO BEZERRA FILHO,Paraíba,Camalaú,Estadual,Urbana,21,487.24,418.64,498.9,455.51,487.62,469.58
16141,25088963,EEEFM AUGUSTO DOS ANJOS,Paraíba,Mari,Estadual,Urbana,74,460.7,424.29,475.61,466.02,521.08,469.54
16155,25089250,EEEFM JOSE LINS DO REGO,Paraíba,Pilar,Estadual,Urbana,53,451.73,433.55,467.96,460.09,533.96,469.46
16160,25086332,EEEF CASTRO PINTO,Paraíba,Jacaraú,Estadual,Urbana,18,449.81,426.28,468.9,455.51,546.67,469.43
16167,25007785,ECIT CRISTIANO CARTAXO,Paraíba,Cajazeiras,Estadual,Urbana,39,463.95,427.21,493.51,469.41,492.82,469.38
16187,25086936,EEEFM UMBELINA GARCEZ,Paraíba,Mamanguape,Estadual,Urbana,34,465.51,417.07,483.32,455.83,524.12,469.17
16191,25047116,EEEFM MARIO OLIVEIRA CHAVES,Paraíba,São João do Tigre,Estadual,Urbana,15,462.89,427.31,451.98,459.49,544,469.13
16242,25078135,EEEFM MARIA ZECA SOUZA,Paraíba,Massaranduba,Estadual,Urbana,36,470.63,433.65,467.02,450.37,522.22,468.78
16311,25093010,2001 - COLEGIO E CURSOS PREPARATORIOS LTDA,Paraíba,João Pessoa,Privada,Urbana,10,488.11,440.53,494.34,470.37,448,468.27
16312,25094432,EEEFM DOMINGOS JOSE DA PAIXAO,Paraíba,João Pessoa,Estadual,Urbana,11,506.59,427.92,493.07,444.64,469.09,468.26
16320,25058371,EEEF E EJA PADRE JOSE ANTONIO MARIA IBIAPINA,Paraíba,Soledade,Estadual,Urbana,44,454.21,430.22,461.96,460.53,534.09,468.2
16330,25029576,EEEFM CORONEL ZUZA LACERDA,Paraíba,Curral Velho,Estadual,Urbana,16,449.47,420.88,463.66,441.74,565,468.15
16337,25044788,EEEFM MANOEL ALVES CAMPOS,Paraíba,Congo,Estadual,Urbana,43,451.39,426.19,467.05,484.32,511.63,468.12
16377,25009559,EEEFM BONIFACIO SARAIVA DE MOURA,Paraíba,Monte Horebe,Estadual,Urbana,12,458.18,404.24,467.86,492.33,516.67,467.85
16421,25094033,ECITE MANOEL LISBOA DE MOURA,Paraíba,João Pessoa,Estadual,Urbana,16,465.58,430.93,476.79,476.83,487.5,467.52
16432,25087355,EEEFM PROF RENATO FONSECA FILHO,Paraíba,Cuité de Mamanguape,Estadual,Urbana,27,449.64,436.11,485.77,466.49,499.26,467.46
16452,25072285,EEEF MURILO BRAGA,Paraíba,Campina Grande,Estadual,Urbana,34,450.54,436.13,489.54,472.82,487.65,467.34
16467,25094211,ECI JOSE DO PATROCINIO,Paraíba,João Pessoa,Estadual,Urbana,38,480.74,439.92,494.83,474.09,446.84,467.29
16470,25065726,EEEFM ANTONIETA C DE MENEZES,Paraíba,Pilões,Estadual,Urbana,42,447.71,429.12,470.98,463.3,525.24,467.27
16478,25023489,EEEM AGENOR MENDES PEDROSA,Paraíba,Aguiar,Estadual,Urbana,39,445.43,416.68,462.21,457.32,554.36,467.2
16509,25007092,EEEFM PROF¦ ADALBERTO DE SOUSA OLIVEIRA,Paraíba,Cachoeira dos Índios,Estadual,Urbana,47,468.99,443.51,474.15,464.51,483.83,467
16531,25086901,ECI RUI CARNEIRO,Paraíba,Mamanguape,Estadual,Urbana,31,472.65,443.07,475.73,464.55,478.06,466.81
16537,25085875,EEEFM MATIAS FREIRE,Paraíba,Baía da Traição,Estadual,Urbana,18,455.42,415.28,463.54,452.96,546.67,466.77
16553,25039504,EEEFM OLAVO BILAC,Paraíba,São José do Sabugi,Estadual,Urbana,30,455.77,443.43,466.77,460.84,506.67,466.7
16555,25088785,EEEFM TEONAS DA CUNHA CAVALCANTI,Paraíba,Juripiranga,Estadual,Urbana,55,446.75,418.86,463.25,462.31,542.18,466.67
16609,25067133,ECI ENG MARCIA GUEDES ALCOFORADO DE CARVALHO,Paraíba,Belém,Estadual,Urbana,50,447.57,416.09,469.49,459.12,539.2,466.29
16614,25117521,EEEFM PROF GETULIO CESAR RODRIGUES GUEDES,Paraíba,Pedras de Fogo,Estadual,Urbana,28,464.73,422.66,481.79,457.16,505,466.27
16636,25101072,EEEFM DR JOAO GONCALVES,Paraíba,Pitimbu,Estadual,Urbana,11,458.37,439.46,464.81,464.16,503.64,466.09
16679,25264923,EDUCANDARIO SANTO ANTONIO,Paraíba,Bayeux,Privada,Urbana,10,473.54,434.4,477.66,501.32,442,465.78
16684,25080407,EEEFM JOAO RIBEIRO,Paraíba,Gurinhém,Estadual,Urbana,62,463.75,441.76,478.09,460.03,485.16,465.76
16686,25020366,EEEM CONEGO MACHADO,Paraíba,Passagem,Estadual,Urbana,22,470.84,441.3,473.1,462.59,480.91,465.75
16710,25122908,EEEFMN PEDRO TARGINO DA COSTA MOREIRA,Paraíba,Cacimba de Dentro,Estadual,Urbana,36,460.48,421.11,480.38,448.82,517.22,465.6
16715,25084992,EEEM ANTONIO FRANCISCO GOMES,Paraíba,Santa Cecília,Estadual,Urbana,25,456.81,435.47,489.58,474.88,471.2,465.59
16717,25030566,EEEM ADALGISA TEODULO DA FONSECA,Paraíba,Itaporanga,Estadual,Urbana,77,446.34,434.7,464.27,461.67,520.78,465.55
16763,25056620,EEEFM JOSE ROLDERICK DE OLIVEIRA,Paraíba,Nova Floresta,Estadual,Urbana,35,454.56,436.47,474.43,466.59,494.29,465.27
16815,25082272,EEEFM DOM ADAUTO,Paraíba,Juarez Távora,Estadual,Urbana,51,451.41,435.96,469.62,472.2,494.9,464.82
16819,25007718,EEEFM PROF MANOEL MANGUEIRA LIMA,Paraíba,Cajazeiras,Estadual,Urbana,45,462.48,418.95,469.98,452.49,520,464.78
16821,25076590,EEEFM JOSE MIGUEL LEAO,Paraíba,Campina Grande,Estadual,Rural,55,462.14,428.37,480.67,457.79,494.91,464.77
16824,25020889,EEEFM LUCIA WANDERLEY DE FREITAS,Paraíba,Patos,Estadual,Urbana,14,443.91,448.94,469.86,485.29,475.71,464.74
16840,25087908,ESCOLA ESTADUAL ENSINO FUNDAMENTAL E MEDIO FREDERICO LUNDGREN,Paraíba,Rio Tinto,Estadual,Urbana,19,472.12,433.44,471.88,442.65,503.16,464.65
16854,25093975,ECI NICODEMOS NEVES,Paraíba,João Pessoa,Estadual,Urbana,40,469.19,440.7,488.98,467.84,456,464.54
16855,25091360,INSTITUTO DE ENSINO JAIME CAETANO,Paraíba,Bayeux,Privada,Urbana,11,438.29,417.68,500.7,493.27,472.73,464.53
16871,25099175,ECIT MARIA HONORINA SANTIAGO,Paraíba,Santa Rita,Estadual,Urbana,26,459.97,426.83,474,444.3,516.92,464.41
16978,25094653,EEEM PROFESSOR ORLANDO CAVALCANTI GOMES,Paraíba,João Pessoa,Estadual,Urbana,83,456.34,431.87,481.36,450.01,498.07,463.53
16993,25091620,EEEFM ABREU E LIMA,Paraíba,Cabedelo,Estadual,Urbana,22,451.25,429.82,472.6,459.4,503.64,463.34
17007,25011669,E EST DE CURSO NORMAL EM NIVEL MEDIO SAO JOSE,Paraíba,São José de Piranhas,Estadual,Urbana,45,443.12,428.37,469.27,457.53,517.78,463.21
17029,25002422,EEEFM FRANCISCO MAIA,Paraíba,Jericó,Estadual,Urbana,41,477.48,438.13,495.89,468.93,434.63,463.01
17046,25045377,ECIT JOSE LEITE DE SOUSA,Paraíba,Monteiro,Estadual,Urbana,50,459.08,432.17,481.13,453.85,488.4,462.93
17080,25095080,EEEFM PADRE ROMA,Paraíba,João Pessoa,Estadual,Urbana,28,465.31,435.01,471.09,466.06,475.71,462.64
17156,25072099,ECI ASSIS CHATEAUBRIAND,Paraíba,Campina Grande,Estadual,Urbana,62,456.39,424.65,481.36,448.58,500,462.19
17204,25070576,EEEFM MARIA JOSE MIRANDA BURITY,Paraíba,Serra da Raiz,Estadual,Urbana,14,465.91,416.39,498.34,462.64,465.71,461.8
17216,25118579,EEEM PREFEITO SEVERINO PEREIRA GOMES,Paraíba,Baraúna,Estadual,Urbana,34,479.82,443.22,476.81,462.78,445.88,461.7
17247,25080261,EEEFM MANOEL AVELINO DE PAIVA,Paraíba,Caldas Brandão,Estadual,Urbana,36,466.8,419.06,466.19,452.38,502.78,461.44
17259,25034200,EEEFM MARIA DO SOCORRO RAMALHO QUIRINO,Paraíba,Imaculada,Estadual,Urbana,17,459.86,430.82,483.41,470.26,462.35,461.34
17286,25093843,ESCOLA CIDADA INTEGRAL ESTADUAL DE ENSINO FUNDAMENTAL E MEDIO CONEGO FRANCISCO GOMES LIMA,Paraíba,João Pessoa,Estadual,Urbana,48,456.03,435.34,486.63,452.73,475,461.15
17297,25082922,ECI ANA RIBEIRO,Paraíba,Salgado de São Félix,Estadual,Urbana,32,446.92,421.96,464.15,462.28,510,461.06
17316,25030116,EEEFMI PADRE MANOEL OTAVIANO,Paraíba,Ibiara,Estadual,Urbana,39,450.19,419.33,467.23,487.5,480.51,460.95
17358,25081403,ESCOLA CIDADA INTEGRAL TECNICA ESTADUAL DE ITABAIANA DOUTOR ANTONIO BATISTA SANTIAGO,Paraíba,Itabaiana,Estadual,Urbana,74,446.48,421.8,462.12,461.25,511.62,460.65
17362,25067869,EEEFM ODILON NELSON DANTAS,Paraíba,Cuitegi,Estadual,Urbana,14,458.72,417,446.05,447.05,534.29,460.62
17417,25098632,ECI IZAURA FALCAO DE CARVALHO,Paraíba,Lucena,Estadual,Urbana,59,465.69,432.53,459.97,446.71,495.59,460.1
17426,25058991,EEEFM PEDRO RIBEIRO DE LIMA,Paraíba,Riachão,Estadual,Urbana,10,442.08,407.5,469.46,415.11,566,460.03
17429,25012940,EEEFM JOSE NILSON SANTIAGO,Paraíba,Poço Dantas,Estadual,Urbana,13,460.89,406.34,460.54,455.37,516.92,460.01
17536,25124277,ECITE SEVERINO DIAS DE OLIVEIRA - MESTRE SIVUCA,Paraíba,João Pessoa,Estadual,Urbana,39,461.73,435.98,490.44,471.18,435.9,459.04
17567,25054490,EEEFM CEL SERVELIANO DE FARIAS CASTRO,Paraíba,Caraúbas,Estadual,Urbana,29,441.99,429.74,461.21,451.37,509.66,458.79
17582,25069675,EEEFM MAJOR ANTONIO DE AQUINO,Paraíba,Mulungu,Estadual,Urbana,29,452.37,443.21,480.03,462.01,455.86,458.69
17587,25068709,EEEF JOHN KENNEDY,Paraíba,Guarabira,Estadual,Urbana,75,452.77,430.12,478.7,459.19,472.53,458.66
17598,25120670,EEEFM MAJOR VENEZIANO VITAL DO REGO,Paraíba,Campina Grande,Estadual,Urbana,77,454.45,434.42,468.19,461.85,474.03,458.59
17632,25099507,ENEEFM ANISIO PEREIRA BORGES,Paraíba,Santa Rita,Estadual,Urbana,41,454.96,419.09,488.01,448.49,480.49,458.21
17633,25087738,EEEFM PEDRO POTI,Paraíba,Mataraca,Estadual,Urbana,17,457.92,427.18,472.99,456.46,476.47,458.2
17635,25025368,EEEFM PROF¬ MARGARIDA REMIGIO LOUREIRO,Paraíba,Emas,Estadual,Urbana,21,474.4,437.74,461.54,451.58,465.71,458.2
17652,25091603,EEEFM PEDRO AMERICO,Paraíba,Cabedelo,Estadual,Urbana,43,458.98,428.53,483.74,464.4,454.42,458.01
17727,25001906,EEEIEF JOAO SUASSUNA,Paraíba,Catolé do Rocha,Estadual,Urbana,42,444.17,427.48,458.65,475.81,480.95,457.41
17731,25093894,EEEM PROF PEDRO AUGUSTO PORTO CAMINHA,Paraíba,João Pessoa,Estadual,Urbana,21,447.94,426.66,477.44,442.46,492.38,457.38
17764,25017438,EEEFM ANTONIO GREGORIO DE LACERDA,Paraíba,São José da Lagoa Tapada,Estadual,Urbana,28,438.81,430.79,459.24,447.11,509.29,457.05
17769,25123203,ECI FRANCISCO MARQUES DE MELO,Paraíba,Damião,Estadual,Urbana,34,436.11,444.2,462.72,479.64,462.35,457
17798,25053728,EEEFM JUAREZ MARACAJA,Paraíba,Gurjão,Estadual,Urbana,25,448.97,434.07,454.46,446.18,500,456.74
17799,25066013,EEEFM ANTONIO BENTO,Paraíba,Serraria,Estadual,Urbana,22,443.94,426.53,468.22,444.05,500.91,456.73
17805,25091611,EEEFM PROFESSOR PEDRO ANIBAL MOURA,Paraíba,Cabedelo,Estadual,Urbana,39,437.75,431.23,482.61,459.37,472.31,456.65
17818,25016164,ECIT CICERO SEVERO LOPES,Paraíba,São Domingos,Estadual,Urbana,13,468.18,444.94,497.05,457.25,415.38,456.56
17885,25068075,ECI SAGRADO CORACAO DE JESUS,Paraíba,Duas Estradas,Estadual,Urbana,23,457.54,424.83,478.58,435.79,482.61,455.87
17916,25099124,EEEFM FRANCISCO LEOCADIO RIBEIRO COUTINHO,Paraíba,Santa Rita,Estadual,Urbana,16,446.54,435.91,465.77,451.21,478.75,455.64
17951,25099159,ECIT ENEAS CARVALHO,Paraíba,Santa Rita,Estadual,Urbana,94,460,431.91,471.52,454.75,458.09,455.25
17984,25004875,ENE MIN JOSE AMERICO DE ALMEIDA,Paraíba,São João do Rio do Peixe,Estadual,Urbana,15,453.13,444.35,479.44,450.85,446.67,454.89
18024,25020854,ECIT EST DOUTOR DIONISIO DA COSTA,Paraíba,Patos,Estadual,Urbana,16,462.64,414.84,477.06,482.26,435,454.36
18045,25088530,EEEFM DEP FERNANDO MILANEZ,Paraíba,Cruz do Espírito Santo,Estadual,Urbana,27,461.03,417.09,468,433.54,491.11,454.15
18050,25104071,NUCLEO DE EDUCACAO DE JOVENS E ADULTOS DO ENSINO MEDIO,Paraíba,João Pessoa,Estadual,Urbana,20,466,422.7,489.44,429.45,463,454.12
18054,25000640,ECI JOSE OLIMPIO MAIA,Paraíba,Brejo do Cruz,Estadual,Urbana,28,431.03,426.28,450.96,461.34,500.71,454.06
18080,25075918,EEEFM TEODOSIO DE OLIVEIRA LEDO,Paraíba,Boa Vista,Estadual,Urbana,34,456.61,425.77,462.93,446.99,476.47,453.75
18104,25031783,EEEFM PRESIDENTE KENNEDY,Paraíba,Santana de Mangueira,Estadual,Urbana,10,463.37,409.45,460.51,467.81,466,453.43
18111,25014412,EEEM NESTORINA ABRANTES,Paraíba,Lastro,Estadual,Urbana,23,443.51,412.48,464.49,452.26,493.91,453.33
18140,25094459,EEEF DR OTAVIO NOVAIS,Paraíba,João Pessoa,Estadual,Urbana,28,449.71,430.63,486.18,460.33,437.86,452.94
18183,25063359,EEEFM DESEMBARGADOR ARTHUR VIRGINIO DE MOURA,Paraíba,Matinhas,Estadual,Urbana,30,449.9,421.2,453.85,430.22,507.33,452.5
18201,25115723,EEEFM FELIPE TIAGO GOMES,Paraíba,Picuí,Estadual,Urbana,54,458.53,447.21,469.49,460.83,425.19,452.25
18222,25081349,EEEFM ADAUTO CABRAL DE VASCONCELOS,Paraíba,Riachão do Bacamarte,Estadual,Urbana,27,427.01,431.3,463.49,446.65,491.85,452.06
18229,25066668,EEEF RODRIGUES DE CARVALHO,Paraíba,Araçagi,Estadual,Urbana,34,452.86,428.85,461.92,439.87,476.47,452
18248,25092111,EEEFM PROF JOAO DA CUNHA VINAGRE,Paraíba,Conde,Estadual,Urbana,83,449.41,428.77,460.2,449.4,471.08,451.77
18260,25088572,EEEFM FLAVIO RIBEIRO COUTINHO,Paraíba,Cruz do Espírito Santo,Estadual,Urbana,13,448.6,420.92,473.38,453.71,461.54,451.63
18342,25087878,EEIEFM GUILHERME DA SILVEIRA,Paraíba,Rio Tinto,Estadual,Urbana,10,444.08,427.04,450.6,475.58,456,450.66
18368,25152823,EEEFM EUCLIDES MOUZINHO SANTOS,Paraíba,Algodão de Jandaíra,Estadual,Urbana,13,450.21,417.61,455.26,425.6,503.08,450.35
18387,25127659,EEEFM PEDRO HENRIQUE DA SILVA,Paraíba,Cuité,Estadual,Rural,11,444.57,408.19,455.4,451.45,490.91,450.11
18390,25048350,EEEFM MALAQUIAS BATISTA FEITOSA,Paraíba,São Sebastião do Umbuzeiro,Estadual,Urbana,11,445.15,435.52,471.27,465.64,432.73,450.06
18399,25028103,EEEFM ENEAS LEITE,Paraíba,Santa Inês,Estadual,Urbana,12,464.38,426.51,474.55,437.41,446.67,449.9
18407,25115359,EEEF JOAO DE OLIVEIRA CHAVES,Paraíba,Monteiro,Estadual,Urbana,41,451.57,430.38,453.28,459.58,454.15,449.79
18440,25036017,ENE MONS SEBASTIAO RABELO,Paraíba,Manaíra,Estadual,Urbana,37,439.8,432.46,452.88,438.59,483.24,449.4
18457,25041185,ECI AGUITONIO DANTAS,Paraíba,Frei Martinho,Estadual,Urbana,19,452.83,429.66,474.39,452.51,436.84,449.24
18463,25113810,EEEF ISAURA FERNANDES DE SOUZA,Paraíba,Itapororoca,Estadual,Urbana,25,451.54,418.03,477.94,449.46,448.8,449.15
18472,25120751,ECI AURICELIA MARIA DA COSTA,Paraíba,Caaporã,Estadual,Urbana,78,443.97,423.91,470.49,453.83,453.08,449.05
18475,25089242,EEEFM JOCELYN VELLOSO BORGES,Paraíba,São José dos Ramos,Estadual,Urbana,19,439.88,437.69,476.28,452.18,438.95,449
18514,25083597,EEEF MAJOR JOSE BARBOSA,Paraíba,Aroeiras,Estadual,Urbana,18,426.67,400.02,465.91,449.81,500,448.48
18515,25018140,EEEFM CELSO MARIZ,Paraíba,Sousa,Estadual,Urbana,29,448.45,427.96,473.76,436.96,455.17,448.46
18536,25099116,ECITE PROF LUIS DE AZEVEDO SOARES,Paraíba,Santa Rita,Estadual,Urbana,46,444.96,424,456.96,444.01,471.3,448.25
18544,25019538,ECI DR SILVA MARIZ,Paraíba,Marizópolis,Estadual,Urbana,26,446.67,421.15,449.8,448.24,474.62,448.1
18577,25072277,ECI MONTE CARMELO,Paraíba,Campina Grande,Estadual,Urbana,28,443.86,416.78,464.13,451.88,461.43,447.62
18604,25094106,ECI LUZIA SIMOES BARTOLLINI,Paraíba,João Pessoa,Estadual,Urbana,15,443.47,419.21,487.69,432.49,453.33,447.24
18605,25027930,EEEFM MAESTRO JOSE SIQUEIRA,Paraíba,Conceição,Estadual,Urbana,95,449.2,426.59,466.79,470.01,423.58,447.23
18608,25087894,EEIEFM DR¦ JOSE LOPES RIBEIRO,Paraíba,Rio Tinto,Estadual,Urbana,14,452.01,440.32,458.21,444.09,441.43,447.21
18620,25064142,EEEF ALVARO MACHADO,Paraíba,Areia,Estadual,Urbana,11,460.12,402.45,461.77,449.17,461.82,447.07
18647,25100696,ESCOLA CIDADA INTEGRAL ESTADUAL DE ENSINO FUNDAMENTAL JOAO URSULO,Paraíba,Pedras de Fogo,Estadual,Urbana,18,423.03,415.37,451.51,432.47,511.11,446.7
18701,25027573,EEEF JOAO CAVALCANTI SULA,Paraíba,Boa Ventura,Estadual,Urbana,22,436.32,414.59,447.11,442.67,488.18,445.77
18729,25087304,EEEF AGROPECUARISTA JOSE WILSON DE ALBUQUERQUE MELO,Paraíba,Capim,Estadual,Urbana,24,458.05,419.54,475.99,462.99,410,445.31
18750,25091018,EEEF VERALDO LEITE,Paraíba,Bayeux,Estadual,Urbana,27,450.13,429.9,470.9,439.27,434.81,445
18753,25036300,EEEFN GAMA E MELO,Paraíba,Princesa Isabel,Estadual,Urbana,28,447.25,419.12,469.48,462.37,426.43,444.93
18774,25025830,EEEIFM ANTONIO AVELINO DE ALMEIDA,Paraíba,Olho D`Água,Estadual,Urbana,34,427.13,430.62,458.74,438.35,468.24,444.62
18812,25023187,EEEFM MARIA DE LOURDES MEIRA,Paraíba,São José do Bonfim,Estadual,Urbana,24,435.19,429.74,457.63,448.06,448.33,443.79
18871,25001302,EEEFM OLIVIA SARAIVA MAIA,Paraíba,São José do Brejo do Cruz,Estadual,Urbana,19,426.05,431.85,459.1,445.99,450.53,442.7
18887,25101099,ECITE DURVAL GUEDES,Paraíba,Pitimbu,Estadual,Rural,24,420.14,399.96,463.03,435.22,493.33,442.34
18984,25094629,EEEF PROF¬ MARIA GENY DE SOUSA TIMOTEO,Paraíba,João Pessoa,Estadual,Urbana,33,444.91,430.71,477.36,443.67,403.64,440.06
19050,25032518,EEEFM OTAVIANO L DA SILVA,Paraíba,São José de Caiana,Estadual,Urbana,28,427.44,413.86,434.03,433.99,482.14,438.29
19053,25037137,EEEFM DEP NOMINANDO MUNIZ DINIZ,Paraíba,São José de Princesa,Estadual,Urbana,12,446.9,423.61,464.79,460.9,395,438.24
19076,25100459,ESCOLA ESTADUAL DE ENSINO FUNDAMENTAL E MEDIO ALBERTO LUNDGREN,Paraíba,Caaporã,Estadual,Urbana,26,448.29,415.11,459.95,471.47,393.08,437.58
19111,25032968,EEEFM PROF JOSEFA JUSTINO GOMES,Paraíba,Serra Grande,Estadual,Urbana,14,426.11,398,441.01,459.41,458.57,436.62
19147,25000659,EEEF ANTONIO GOMES,Paraíba,Brejo do Cruz,Estadual,Urbana,15,455.14,435.92,439.58,449.64,398.67,435.79
19195,25117688,ECI IRMA STEFANIE,Paraíba,Campina Grande,Estadual,Urbana,15,442.96,435.79,457.45,408.27,428,434.49
19218,25020650,EEEF CAIC DR ROMERO ABDON Q DA NOBREGA,Paraíba,Patos,Estadual,Urbana,21,459.61,420.28,470.58,441.62,376.19,433.66
19222,25018183,EEEFM ESTEVAM MARINHO,Paraíba,Sousa,Estadual,Rural,18,429.56,406.67,451.16,461.05,417.78,433.24
19292,25091638,ECI IMACULADA CONCEICAO,Paraíba,Cabedelo,Estadual,Urbana,16,446.06,409.91,440.27,427.52,427.5,430.25
19303,25003410,EEEFM DANIEL CARNEIRO,Paraíba,Riacho dos Cavalos,Estadual,Urbana,39,434.62,419.07,457.61,461.6,376.92,429.96
19319,25065513,ECI EFIGENIO LEITE,Paraíba,Borborema,Estadual,Urbana,27,428.6,414.78,431.7,437,433.33,429.08
19351,25030698,EEEF SIMEAO LEAL,Paraíba,Itaporanga,Estadual,Urbana,15,427.67,419.03,448.19,431.17,412,427.61
19482,25045555,EEEF MIGUEL SANTA CRUZ,Paraíba,Monteiro,Estadual,Urbana,22,435.26,413.64,463.58,430.45,349.09,418.41
19520,25094696,ECI PADRE IBIAPINA,Paraíba,João Pessoa,Estadual,Urbana,28,443.92,418.52,439.52,440.69,328.57,414.25
19533,25088068,EEIEFM INDIO ANTONIO SINESIO DA SILVA,Paraíba,Marcação,Estadual,Rural,11,416.55,414.59,433.27,423.67,376.36,412.89
19571,25093860,ECI RAUL MACHADO,Paraíba,João Pessoa,Estadual,Urbana,13,447.77,407.73,464.98,431.12,263.08,402.93
